{"meta": {"name": " "}, "structures": [{"size": 22, "names": ["C", "C", "C", "H", "C", "H", "C", "H", "H", "H", "H", "C", "C", "H", "H", "C", "H", "O", "C", "H", "H", "H"], "x": [-0.12341, -0.91894, -0.02933, -1.76181, 1.19716, -0.22582, 1.03091, 1.94563, 1.70592, 0.33686, -0.63598, -0.63044, -1.69175, -2.48338, -2.06402, 0.08666, -0.52035, -0.09597, 1.03502, 1.72807, 0.51431, 1.60066], "y": [1.82995, 0.76501, -0.15182, 1.07202, -0.07523, -1.01605, 0.86918, -0.83434, 1.23962, 2.51598, 2.41285, -0.08586, 0.01832, 0.71503, -0.99504, -1.32098, 0.76515, -2.25921, -1.35313, -0.54008, -1.32399, -2.24738], "z": [0.93098, 1.67736, 2.06433, 2.23606, 1.30075, 2.69411, 0.4113, 1.21191, -0.35323, 1.65933, 0.14278, -0.94848, -0.00034, -0.12246, 0.38575, -1.16073, -1.64807, -0.42113, -2.30636, -2.24456, -3.19354, -2.31578], "cell": [100.0, 0.0, 0.0, 0.0, 100.0, 0.0, 0.0, 0.0, 100.0]}, {"size": 22, "names": ["C", "C", "C", "H", "C", "H", "C", "H", "H", "H", "H", "C", "C", "H", "H", "C", "H", "O", "C", "H", "H", "H"], "x": [-0.03672, -0.94239, -0.01881, -1.90239, 1.10401, -0.12684, 1.05362, 1.83266, 1.74802, 0.37512, -0.52191, -0.62143, -1.67068, -2.44037, -2.02119, 0.00795, -0.41207, -0.14206, 1.0565, 1.81578, 0.62563, 1.55748], "y": [1.85154, 0.7817, -0.23962, 0.96062, -0.11285, -0.99496, 1.01625, -0.91819, 1.38708, 2.53406, 2.44957, -0.02813, -0.01374, 0.72645, -0.98637, -1.33845, 0.81115, -2.31163, -1.36032, -0.59042, -1.16667, -2.32169], "z": [0.91119, 1.60439, 2.03277, 2.11045, 1.23504, 2.79667, 0.39302, 1.13137, -0.33437, 1.66729, 0.15212, -0.88693, 0.01383, -0.12809, 0.41209, -1.15164, -1.52033, -0.37974, -2.29817, -2.06604, -3.27717, -2.29108], "cell": [100.0, 0.0, 0.0, 0.0, 100.0, 0.0, 0.0, 0.0, 100.0]}, {"size": 22, "names": ["C", "C", "C", "H", "C", "H", "C", "H", "H", "H", "H", "C", "C", "H", "H", "C", "H", "O", "C", "H", "H", "H"], "x": [-0.03089, -0.88422, 0.05517, -1.79238, 1.14249, -0.11399, 0.99434, 2.00487, 1.58676, 0.44763, -0.63478, -0.71892, -1.71722, -2.34628, -2.23306, 0.05423, -0.53987, -0.13085, 1.03581, 1.58829, 0.62613, 1.69453], "y": [1.78212, 0.79326, -0.16718, 1.14906, -0.10317, -1.00184, 0.94866, -0.77171, 1.2614, 2.38877, 2.38338, -0.08272, -0.01029, 0.85949, -0.93434, -1.27302, 0.64809, -2.3115, -1.35001, -0.41631, -1.40658, -2.20845], "z": [0.94633, 1.70136, 2.1385, 2.16972, 1.24996, 2.79588, 0.37665, 1.24176, -0.45484, 1.73566, 0.28015, -0.96598, -0.01271, 0.0028, 0.26773, -1.17057, -1.75269, -0.40576, -2.34588, -2.35627, -3.34747, -2.21683], "cell": [100.0, 0.0, 0.0, 0.0, 100.0, 0.0, 0.0, 0.0, 100.0]}, {"size": 22, "names": ["C", "C", "C", "H", "C", "H", "C", "H", "H", "H", "H", "C", "C", "H", "H", "C", "H", "O", "C", "H", "H", "H"], "x": [-0.03672, -0.94239, -0.01881, -1.90239, 1.10401, -0.12684, 1.05362, 1.83266, 1.74802, 0.37512, -0.52191, -0.62143, -1.67068, -2.44037, -2.02119, 0.00795, -0.41207, -0.14206, 1.0565, 1.81578, 0.62563, 1.55748], "y": [1.85154, 0.7817, -0.23962, 0.96062, -0.11285, -0.99496, 1.01625, -0.91819, 1.38708, 2.53406, 2.44957, -0.02813, -0.01374, 0.72645, -0.98637, -1.33845, 0.81115, -2.31163, -1.36032, -0.59042, -1.16667, -2.32169], "z": [0.91119, 1.60439, 2.03277, 2.11045, 1.23504, 2.79667, 0.39302, 1.13137, -0.33437, 1.66729, 0.15212, -0.88693, 0.01383, -0.12809, 0.41209, -1.15164, -1.52033, -0.37974, -2.29817, -2.06604, -3.27717, -2.29108], "cell": [100.0, 0.0, 0.0, 0.0, 100.0, 0.0, 0.0, 0.0, 100.0]}, {"size": 22, "names": ["C", "C", "C", "H", "C", "H", "C", "H", "H", "H", "H", "C", "C", "H", "H", "C", "H", "O", "C", "H", "H", "H"], "x": [-0.0942, -0.88888, 0.00215, -1.77463, 1.15569, -0.23333, 1.0257, 1.93696, 1.76751, 0.35433, -0.6334, -0.65917, -1.7158, -2.48027, -2.04106, 0.0567, -0.53277, -0.10325, 1.0267, 1.72523, 0.49019, 1.61562], "y": [1.79864, 0.77759, -0.1906, 1.05393, -0.10454, -1.0022, 0.93141, -0.86174, 1.26634, 2.50962, 2.38137, -0.04441, 0.00271, 0.73889, -0.9616, -1.32475, 0.73537, -2.25642, -1.3513, -0.50216, -1.32401, -2.27212], "z": [0.91913, 1.68663, 2.06899, 2.25964, 1.27849, 2.74454, 0.38201, 1.2467, -0.31599, 1.62739, 0.14716, -0.93673, -0.03621, -0.13348, 0.3824, -1.14005, -1.6708, -0.42247, -2.3064, -2.27453, -3.24305, -2.26339], "cell": [100.0, 0.0, 0.0, 0.0, 100.0, 0.0, 0.0, 0.0, 100.0]}, {"size": 22, "names": ["C", "C", "C", "H", "C", "H", "C", "H", "H", "H", "H", "C", "C", "H", "H", "C", "H", "O", "C", "H", "H", "H"], "x": [-0.10834, -0.88372, -0.00449, -1.76564, 1.16197, -0.2286, 1.02391, 1.93042, 1.74896, 0.35407, -0.65053, -0.64584, -1.69298, -2.48697, -2.04087, 0.04465, -0.53858, -0.08795, 1.03596, 1.72809, 0.48953, 1.61696], "y": [1.80154, 0.78252, -0.17968, 1.03888, -0.08379, -1.00085, 0.92158, -0.86032, 1.27006, 2.54162, 2.37031, -0.06354, 0.01953, 0.71942, -0.95997, -1.30606, 0.74519, -2.2674, -1.37937, -0.49827, -1.34684, -2.26456], "z": [0.92629, 1.69538, 2.05093, 2.25507, 1.28269, 2.73046, 0.378, 1.23384, -0.29996, 1.61087, 0.16309, -0.92589, -0.03701, -0.12872, 0.40712, -1.1551, -1.66425, -0.44179, -2.29412, -2.28633, -3.23248, -2.26808], "cell": [100.0, 0.0, 0.0, 0.0, 100.0, 0.0, 0.0, 0.0, 100.0]}, {"size": 22, "names": ["C", "C", "C", "H", "C", "H", "C", "H", "H", "H", "H", "C", "C", "H", "H", "C", "H", "O", "C", "H", "H", "H"], "x": [-0.12122, -0.90615, 0.02709, -1.72308, 1.15098, -0.07981, 0.97886, 2.03038, 1.69857, 0.27467, -0.72601, -0.65436, -1.73692, -2.36913, -2.06668, 0.06286, -0.61539, -0.07769, 1.05821, 1.65845, 0.5862, 1.71521], "y": [1.80949, 0.73556, -0.25343, 0.99826, -0.08146, -1.05681, 0.9839, -0.7049, 1.15966, 2.54692, 2.32082, -0.05227, -0.02608, 0.8612, -0.92489, -1.27032, 0.63774, -2.25378, -1.38682, -0.46976, -1.28051, -2.25052], "z": [0.92667, 1.72702, 2.06569, 2.38981, 1.23455, 2.78651, 0.37161, 1.22403, -0.40486, 1.64171, 0.18231, -0.90724, -0.06845, -0.02624, 0.46425, -1.15483, -1.72737, -0.41567, -2.32747, -2.20968, -3.30014, -2.18811], "cell": [100.0, 0.0, 0.0, 0.0, 100.0, 0.0, 0.0, 0.0, 100.0]}, {"size": 22, "names": ["C", "C", "C", "H", "C", "H", "C", "H", "H", "H", "H", "C", "C", "H", "H", "C", "H", "O", "C", "H", "H", "H"], "x": [-0.12341, -0.91894, -0.02933, -1.76181, 1.19716, -0.22582, 1.03091, 1.94563, 1.70592, 0.33686, -0.63598, -0.63044, -1.69175, -2.48338, -2.06402, 0.08666, -0.52035, -0.09597, 1.03502, 1.72807, 0.51431, 1.60066], "y": [1.82995, 0.76501, -0.15182, 1.07202, -0.07523, -1.01605, 0.86918, -0.83434, 1.23962, 2.51598, 2.41285, -0.08586, 0.01832, 0.71503, -0.99504, -1.32098, 0.76515, -2.25921, -1.35313, -0.54008, -1.32399, -2.24738], "z": [0.93098, 1.67736, 2.06433, 2.23606, 1.30075, 2.69411, 0.4113, 1.21191, -0.35323, 1.65933, 0.14278, -0.94848, -0.00034, -0.12246, 0.38575, -1.16073, -1.64807, -0.42113, -2.30636, -2.24456, -3.19354, -2.31578], "cell": [100.0, 0.0, 0.0, 0.0, 100.0, 0.0, 0.0, 0.0, 100.0]}], "properties": {"r1 / A": {"target": "structure", "values": [1.9923500049439105, 1.9217211637748073, 2.068240210275392, 1.9217211637748073, 2.062138057066015, 2.0586963350139813, 2.119902545731761, 1.9923500049439105]}, "r2 / A": {"target": "structure", "values": [2.3497205945601274, 2.3526143095288696, 2.4086634984779423, 2.3526143095288696, 2.35161365383432, 2.3363765982820492, 2.3187309373448226, 2.3497205945601274]}}, "settings": {}}