{"meta": {"name": " "}, "structures": [{"size": 22, "names": ["C", "C", "C", "H", "C", "H", "C", "H", "H", "H", "H", "C", "C", "H", "H", "C", "H", "O", "C", "H", "H", "H"], "x": [-0.08833, -0.93374, 0.12086, -1.5791, 1.09551, -0.10027, 0.65099, 1.99344, 1.46646, 0.57216, -0.59434, -0.4255, -1.58141, -2.47907, -1.7073, 0.05726, -0.81191, 0.01128, 0.8805, 0.9361, 0.42138, 1.80862], "y": [1.8236, 0.91306, 0.01369, 1.33614, -0.06802, -0.43402, 0.65965, -0.623, 0.92371, 2.43971, 2.41618, -0.00937, -0.08116, 0.30752, -1.07572, -1.34785, 0.52032, -2.33007, -1.3008, -0.33351, -1.96531, -1.71489], "z": [0.61669, 1.49253, 2.08961, 2.26362, 1.20894, 3.02844, -0.07628, 1.27572, -0.76313, 1.23044, -0.1311, -0.55928, 0.48056, 0.13784, 0.97721, -1.06981, -1.43346, -0.37465, -2.35457, -2.78925, -3.03933, -2.03966], "cell": [100.0, 0.0, 0.0, 0.0, 100.0, 0.0, 0.0, 0.0, 100.0]}, {"size": 22, "names": ["C", "C", "C", "H", "C", "H", "C", "H", "H", "H", "H", "C", "C", "H", "H", "C", "H", "O", "C", "H", "H", "H"], "x": [-0.28561, -1.09393, 0.05274, -1.92565, 1.16325, -0.09923, 0.67585, 2.06857, 1.42479, 0.31437, -0.88916, -0.53105, -1.67107, -2.64563, -1.81319, 0.15578, -0.89818, -0.10629, 1.39858, 1.80786, 1.77573, 1.36131], "y": [1.81686, 0.61855, -0.3173, 0.78223, -0.04822, -1.19708, 0.90373, -0.56928, 1.39429, 2.44051, 2.51189, 0.13693, 0.00262, 0.41233, -1.06417, -1.21486, 0.58655, -2.21184, -1.36586, -1.95944, -0.42457, -2.18458], "z": [0.83904, 1.38751, 1.95426, 2.09007, 1.25435, 2.57262, 0.09315, 1.24922, -0.55419, 1.5937, 0.1731, -0.86004, 0.12959, -0.17956, 0.07275, -1.07836, -1.77494, -0.43609, -1.85117, -0.97276, -2.2212, -2.64485], "cell": [100.0, 0.0, 0.0, 0.0, 100.0, 0.0, 0.0, 0.0, 100.0]}, {"size": 22, "names": ["C", "C", "C", "H", "C", "H", "C", "H", "H", "H", "H", "C", "C", "H", "H", "C", "H", "O", "C", "H", "H", "H"], "x": [-0.12122, -0.90615, 0.02709, -1.72308, 1.15098, -0.07981, 0.97886, 2.03038, 1.69857, 0.27467, -0.72601, -0.65436, -1.73692, -2.36913, -2.06668, 0.06286, -0.61539, -0.07769, 1.05821, 1.65845, 0.5862, 1.71521], "y": [1.80949, 0.73556, -0.25343, 0.99826, -0.08146, -1.05681, 0.9839, -0.7049, 1.15966, 2.54692, 2.32082, -0.05227, -0.02608, 0.8612, -0.92489, -1.27032, 0.63774, -2.25378, -1.38682, -0.46976, -1.28051, -2.25052], "z": [0.92667, 1.72702, 2.06569, 2.38981, 1.23455, 2.78651, 0.37161, 1.22403, -0.40486, 1.64171, 0.18231, -0.90724, -0.06845, -0.02624, 0.46425, -1.15483, -1.72737, -0.41567, -2.32747, -2.20968, -3.30014, -2.18811], "cell": [100.0, 0.0, 0.0, 0.0, 100.0, 0.0, 0.0, 0.0, 100.0]}, {"size": 22, "names": ["C", "C", "C", "H", "C", "H", "C", "H", "H", "H", "H", "C", "C", "H", "H", "C", "H", "O", "C", "H", "H", "H"], "x": [-0.0942, -0.88888, 0.00215, -1.77463, 1.15569, -0.23333, 1.0257, 1.93696, 1.76751, 0.35433, -0.6334, -0.65917, -1.7158, -2.48027, -2.04106, 0.0567, -0.53277, -0.10325, 1.0267, 1.72523, 0.49019, 1.61562], "y": [1.79864, 0.77759, -0.1906, 1.05393, -0.10454, -1.0022, 0.93141, -0.86174, 1.26634, 2.50962, 2.38137, -0.04441, 0.00271, 0.73889, -0.9616, -1.32475, 0.73537, -2.25642, -1.3513, -0.50216, -1.32401, -2.27212], "z": [0.91913, 1.68663, 2.06899, 2.25964, 1.27849, 2.74454, 0.38201, 1.2467, -0.31599, 1.62739, 0.14716, -0.93673, -0.03621, -0.13348, 0.3824, -1.14005, -1.6708, -0.42247, -2.3064, -2.27453, -3.24305, -2.26339], "cell": [100.0, 0.0, 0.0, 0.0, 100.0, 0.0, 0.0, 0.0, 100.0]}, {"size": 22, "names": ["C", "C", "C", "H", "C", "H", "C", "H", "H", "H", "H", "C", "C", "H", "H", "C", "H", "O", "C", "H", "H", "H"], "x": [-0.14355, -1.02999, -0.05772, -1.80372, 1.08412, -0.22235, 0.96844, 1.84685, 1.80973, 0.19902, -0.51447, -0.59971, -1.6597, -2.40498, -2.15366, 0.11522, -0.44866, -0.03326, 1.11616, 1.68844, 0.63063, 1.81375], "y": [1.84663, 0.64303, -0.35953, 0.92765, -0.11919, -1.27268, 1.01907, -0.8796, 1.36595, 2.41882, 2.532, -0.09465, 0.07992, 0.81023, -0.88143, -1.27387, 0.62919, -2.30686, -1.21136, -0.30043, -1.25131, -2.03719], "z": [1.03136, 1.47972, 2.01989, 2.17479, 1.32362, 2.60117, 0.49296, 1.18816, -0.08973, 1.91775, 0.31051, -0.91655, 0.10805, -0.22731, 0.28426, -1.20144, -1.67117, -0.5167, -2.301, -2.33704, -3.27875, -2.22387], "cell": [100.0, 0.0, 0.0, 0.0, 100.0, 0.0, 0.0, 0.0, 100.0]}, {"size": 22, "names": ["C", "C", "C", "H", "C", "H", "C", "H", "H", "H", "H", "C", "C", "H", "H", "C", "H", "O", "C", "H", "H", "H"], "x": [-0.28561, -1.09393, 0.05274, -1.92565, 1.16325, -0.09923, 0.67585, 2.06857, 1.42479, 0.31437, -0.88916, -0.53105, -1.67107, -2.64563, -1.81319, 0.15578, -0.89818, -0.10629, 1.39858, 1.80786, 1.77573, 1.36131], "y": [1.81686, 0.61855, -0.3173, 0.78223, -0.04822, -1.19708, 0.90373, -0.56928, 1.39429, 2.44051, 2.51189, 0.13693, 0.00262, 0.41233, -1.06417, -1.21486, 0.58655, -2.21184, -1.36586, -1.95944, -0.42457, -2.18458], "z": [0.83904, 1.38751, 1.95426, 2.09007, 1.25435, 2.57262, 0.09315, 1.24922, -0.55419, 1.5937, 0.1731, -0.86004, 0.12959, -0.17956, 0.07275, -1.07836, -1.77494, -0.43609, -1.85117, -0.97276, -2.2212, -2.64485], "cell": [100.0, 0.0, 0.0, 0.0, 100.0, 0.0, 0.0, 0.0, 100.0]}, {"size": 22, "names": ["C", "C", "C", "H", "C", "H", "C", "H", "H", "H", "H", "C", "C", "H", "H", "C", "H", "O", "C", "H", "H", "H"], "x": [-0.08833, -0.93374, 0.12086, -1.5791, 1.09551, -0.10027, 0.65099, 1.99344, 1.46646, 0.57216, -0.59434, -0.4255, -1.58141, -2.47907, -1.7073, 0.05726, -0.81191, 0.01128, 0.8805, 0.9361, 0.42138, 1.80862], "y": [1.8236, 0.91306, 0.01369, 1.33614, -0.06802, -0.43402, 0.65965, -0.623, 0.92371, 2.43971, 2.41618, -0.00937, -0.08116, 0.30752, -1.07572, -1.34785, 0.52032, -2.33007, -1.3008, -0.33351, -1.96531, -1.71489], "z": [0.61669, 1.49253, 2.08961, 2.26362, 1.20894, 3.02844, -0.07628, 1.27572, -0.76313, 1.23044, -0.1311, -0.55928, 0.48056, 0.13784, 0.97721, -1.06981, -1.43346, -0.37465, -2.35457, -2.78925, -3.03933, -2.03966], "cell": [100.0, 0.0, 0.0, 0.0, 100.0, 0.0, 0.0, 0.0, 100.0]}, {"size": 22, "names": ["C", "C", "C", "H", "C", "H", "C", "H", "H", "H", "H", "C", "C", "H", "H", "C", "H", "O", "C", "H", "H", "H"], "x": [-0.3098, -1.09369, 0.13226, -1.86272, 1.12223, 0.04667, 0.679, 2.07792, 1.42059, 0.22166, -0.96058, -0.42676, -1.51983, -2.51317, -1.57174, 0.18408, -0.74468, 0.17265, 0.85791, 1.93309, 0.40173, 0.70614], "y": [1.7301, 0.45633, -0.27267, 0.72048, -0.15004, -1.17407, 0.83966, -0.68075, 1.37684, 2.3521, 2.39408, 0.16114, -0.23407, 0.11885, -1.33202, -1.11786, 0.89495, -2.27284, -0.93388, -0.83497, -0.07521, -1.80202], "z": [1.10427, 1.78285, 2.32607, 2.41369, 1.41949, 2.95945, 0.31679, 1.32418, -0.31888, 1.78818, 0.50039, -0.5701, 0.27175, -0.04623, 0.39713, -1.34593, -1.31804, -0.93019, -2.71847, -2.60304, -3.19511, -3.38243], "cell": [100.0, 0.0, 0.0, 0.0, 100.0, 0.0, 0.0, 0.0, 100.0]}], "properties": {"r1 / A": {"target": "structure", "values": [1.5594977134321164, 1.514867344324248, 2.119902545731761, 2.062138057066015, 1.6109333149140594, 1.514867344324248, 1.5594977134321164, 1.7151299279063381]}, "r2 / A": {"target": "structure", "values": [1.356358168221064, 1.7184763676291857, 2.3187309373448226, 2.35161365383432, 2.3845723098702627, 1.7184763676291857, 1.356358168221064, 1.5715178777538614]}}, "settings": {}}