{"meta": {"name": " "}, "structures": [{"size": 22, "names": ["C", "C", "C", "H", "C", "H", "C", "H", "H", "H", "H", "C", "C", "H", "H", "C", "H", "O", "C", "H", "H", "H"], "x": [1.24772, 1.09178, 1.38077, 0.89798, 1.69355, 1.32778, 1.67926, 2.06417, 1.66631, 2.03322, 0.34948, -1.63454, -1.94595, -2.34481, -1.91055, -1.2511, -1.64481, -1.51075, -0.57629, -0.9261, 0.51134, -0.65218], "y": [0.97823, -0.39035, -1.20211, -0.79711, -0.40355, -2.29815, 0.88716, -0.81112, 1.78428, 1.60913, 1.57312, 0.1906, -0.54349, -0.08456, -1.65869, -0.38402, 1.23589, -1.59964, 0.46145, 0.20041, 0.26937, 1.58779], "z": [1.93518, 2.37981, 1.34916, 3.35293, 0.15593, 1.34008, 0.52453, -0.79982, -0.08714, 2.48659, 2.05922, -0.14956, 0.92236, 1.79688, 0.78316, -1.48219, -0.12209, -1.65726, -2.42482, -3.41333, -2.32618, -2.22345], "cell": [100.0, 0.0, 0.0, 0.0, 100.0, 0.0, 0.0, 0.0, 100.0]}, {"size": 22, "names": ["C", "C", "C", "H", "C", "H", "C", "H", "H", "H", "H", "C", "C", "H", "H", "C", "H", "O", "C", "H", "H", "H"], "x": [1.09293, -0.02887, 0.11129, -0.7767, 1.34634, -0.60967, 1.94668, 1.6895, 2.82962, 1.60111, 0.68633, -1.59404, -2.6519, -3.54897, -2.59431, -0.50065, -1.43769, -0.76922, 0.94728, 0.94411, 1.21488, 1.6484], "y": [2.17091, 1.43729, 0.13225, 1.91854, -0.06607, -0.71429, 1.10691, -1.01759, 1.29752, 2.86971, 2.87284, -0.67628, -1.39628, -1.18958, -2.39735, -1.36836, 0.38128, -2.28737, -0.83162, 0.17133, -0.87433, -1.50099], "z": [1.89554, 2.58328, 2.37161, 3.19302, 1.57583, 2.52157, 1.3703, 1.23098, 0.74228, 2.6128, 1.17612, -2.20841, -2.39807, -2.83826, -1.98364, -1.41832, -2.48403, -0.61255, -1.62228, -1.24209, -2.67207, -1.06967], "cell": [100.0, 0.0, 0.0, 0.0, 100.0, 0.0, 0.0, 0.0, 100.0]}, {"size": 22, "names": ["C", "C", "C", "H", "C", "H", "C", "H", "H", "H", "H", "C", "C", "H", "H", "C", "H", "O", "C", "H", "H", "H"], "x": [0.12977, -0.18636, 0.92734, -1.13225, 1.97595, 1.15177, 1.57071, 2.98498, 2.14273, 0.0715, -0.60186, -1.49598, -2.64965, -3.46986, -2.70085, -0.481, -1.14532, -0.83241, 1.00059, 1.11978, 1.48233, 1.33779], "y": [1.99169, 0.7248, -0.04526, 0.46945, 0.66222, -1.02984, 1.874, 0.29059, 2.67147, 2.9162, 2.166, -0.68416, -1.25127, -0.85408, -2.29415, -1.4602, 0.3003, -2.38923, -1.134, -0.21792, -1.99014, -1.10145], "z": [1.84767, 2.60027, 2.47321, 3.05633, 1.77395, 2.93331, 1.45137, 1.67208, 0.96986, 2.50012, 1.05348, -2.27551, -2.49713, -2.9486, -2.20588, -1.49457, -2.5351, -0.80594, -1.56787, -2.11468, -2.08185, -0.55], "cell": [100.0, 0.0, 0.0, 0.0, 100.0, 0.0, 0.0, 0.0, 100.0]}, {"size": 22, "names": ["C", "C", "C", "H", "C", "H", "C", "H", "H", "H", "H", "C", "C", "H", "H", "C", "H", "O", "C", "H", "H", "H"], "x": [0.74328, -0.51616, -0.91242, -0.92536, 0.13215, -1.79984, 1.02525, 0.23532, 1.89039, 1.58917, 0.65492, -0.25342, -1.42197, -1.86048, -1.93739, 0.09066, 0.52061, -0.6573, 1.47962, 1.98035, 1.71977, 1.65473], "y": [1.8911, 1.92788, 0.67396, 2.85193, -0.27099, 0.3376, 0.43396, -1.32261, 0.01167, 2.36282, 2.41909, -0.21995, 0.17668, 1.18336, -0.577, -1.65937, 0.45572, -2.57394, -2.03102, -1.63293, -1.42174, -3.08094], "z": [1.36103, 2.13917, 2.53421, 2.35136, 1.94986, 3.04183, 1.26375, 2.1845, 0.69621, 1.93945, 0.4074, -1.62697, -1.08955, -1.24368, -0.44391, -1.63717, -1.9685, -1.22713, -2.07576, -1.18036, -2.9528, -2.29308], "cell": [100.0, 0.0, 0.0, 0.0, 100.0, 0.0, 0.0, 0.0, 100.0]}, {"size": 22, "names": ["C", "C", "C", "H", "C", "H", "C", "H", "H", "H", "H", "C", "C", "H", "H", "C", "H", "O", "C", "H", "H", "H"], "x": [1.09293, -0.02887, 0.11129, -0.7767, 1.34634, -0.60967, 1.94668, 1.6895, 2.82962, 1.60111, 0.68633, -1.59404, -2.6519, -3.54897, -2.59431, -0.50065, -1.43769, -0.76922, 0.94728, 0.94411, 1.21488, 1.6484], "y": [2.17091, 1.43729, 0.13225, 1.91854, -0.06607, -0.71429, 1.10691, -1.01759, 1.29752, 2.86971, 2.87284, -0.67628, -1.39628, -1.18958, -2.39735, -1.36836, 0.38128, -2.28737, -0.83162, 0.17133, -0.87433, -1.50099], "z": [1.89554, 2.58328, 2.37161, 3.19302, 1.57583, 2.52157, 1.3703, 1.23098, 0.74228, 2.6128, 1.17612, -2.20841, -2.39807, -2.83826, -1.98364, -1.41832, -2.48403, -0.61255, -1.62228, -1.24209, -2.67207, -1.06967], "cell": [100.0, 0.0, 0.0, 0.0, 100.0, 0.0, 0.0, 0.0, 100.0]}, {"size": 22, "names": ["C", "C", "C", "H", "C", "H", "C", "H", "H", "H", "H", "C", "C", "H", "H", "C", "H", "O", "C", "H", "H", "H"], "x": [0.74328, -0.51616, -0.91242, -0.92536, 0.13215, -1.79984, 1.02525, 0.23532, 1.89039, 1.58917, 0.65492, -0.25342, -1.42197, -1.86048, -1.93739, 0.09066, 0.52061, -0.6573, 1.47962, 1.98035, 1.71977, 1.65473], "y": [1.8911, 1.92788, 0.67396, 2.85193, -0.27099, 0.3376, 0.43396, -1.32261, 0.01167, 2.36282, 2.41909, -0.21995, 0.17668, 1.18336, -0.577, -1.65937, 0.45572, -2.57394, -2.03102, -1.63293, -1.42174, -3.08094], "z": [1.36103, 2.13917, 2.53421, 2.35136, 1.94986, 3.04183, 1.26375, 2.1845, 0.69621, 1.93945, 0.4074, -1.62697, -1.08955, -1.24368, -0.44391, -1.63717, -1.9685, -1.22713, -2.07576, -1.18036, -2.9528, -2.29308], "cell": [100.0, 0.0, 0.0, 0.0, 100.0, 0.0, 0.0, 0.0, 100.0]}, {"size": 22, "names": ["C", "C", "C", "H", "C", "H", "C", "H", "H", "H", "H", "C", "C", "H", "H", "C", "H", "O", "C", "H", "H", "H"], "x": [-0.28561, -1.09393, 0.05274, -1.92565, 1.16325, -0.09923, 0.67585, 2.06857, 1.42479, 0.31437, -0.88916, -0.53105, -1.67107, -2.64563, -1.81319, 0.15578, -0.89818, -0.10629, 1.39858, 1.80786, 1.77573, 1.36131], "y": [1.81686, 0.61855, -0.3173, 0.78223, -0.04822, -1.19708, 0.90373, -0.56928, 1.39429, 2.44051, 2.51189, 0.13693, 0.00262, 0.41233, -1.06417, -1.21486, 0.58655, -2.21184, -1.36586, -1.95944, -0.42457, -2.18458], "z": [0.83904, 1.38751, 1.95426, 2.09007, 1.25435, 2.57262, 0.09315, 1.24922, -0.55419, 1.5937, 0.1731, -0.86004, 0.12959, -0.17956, 0.07275, -1.07836, -1.77494, -0.43609, -1.85117, -0.97276, -2.2212, -2.64485], "cell": [100.0, 0.0, 0.0, 0.0, 100.0, 0.0, 0.0, 0.0, 100.0]}, {"size": 22, "names": ["C", "C", "C", "H", "C", "H", "C", "H", "H", "H", "H", "C", "C", "H", "H", "C", "H", "O", "C", "H", "H", "H"], "x": [-0.12122, -0.90615, 0.02709, -1.72308, 1.15098, -0.07981, 0.97886, 2.03038, 1.69857, 0.27467, -0.72601, -0.65436, -1.73692, -2.36913, -2.06668, 0.06286, -0.61539, -0.07769, 1.05821, 1.65845, 0.5862, 1.71521], "y": [1.80949, 0.73556, -0.25343, 0.99826, -0.08146, -1.05681, 0.9839, -0.7049, 1.15966, 2.54692, 2.32082, -0.05227, -0.02608, 0.8612, -0.92489, -1.27032, 0.63774, -2.25378, -1.38682, -0.46976, -1.28051, -2.25052], "z": [0.92667, 1.72702, 2.06569, 2.38981, 1.23455, 2.78651, 0.37161, 1.22403, -0.40486, 1.64171, 0.18231, -0.90724, -0.06845, -0.02624, 0.46425, -1.15483, -1.72737, -0.41567, -2.32747, -2.20968, -3.30014, -2.18811], "cell": [100.0, 0.0, 0.0, 0.0, 100.0, 0.0, 0.0, 0.0, 100.0]}], "properties": {"r1 / A": {"target": "structure", "values": [3.372746049586301, 6.3026385862034005, 5.996343638334948, 3.783097412769066, 6.3026385862034005, 3.783097412769066, 1.514867344324248, 2.119902545731761]}, "r2 / A": {"target": "structure", "values": [3.452660365819378, 5.340751815858887, 5.462454089152604, 3.2278254871352634, 5.340751815858887, 3.2278254871352634, 1.7184763676291857, 2.3187309373448226]}}, "settings": {}}