{"meta": {"name": " "}, "structures": [{"size": 22, "names": ["C", "C", "C", "H", "C", "H", "C", "H", "H", "H", "H", "C", "C", "H", "H", "C", "H", "O", "C", "H", "H", "H"], "x": [1.24772, 1.09178, 1.38077, 0.89798, 1.69355, 1.32778, 1.67926, 2.06417, 1.66631, 2.03322, 0.34948, -1.63454, -1.94595, -2.34481, -1.91055, -1.2511, -1.64481, -1.51075, -0.57629, -0.9261, 0.51134, -0.65218], "y": [0.97823, -0.39035, -1.20211, -0.79711, -0.40355, -2.29815, 0.88716, -0.81112, 1.78428, 1.60913, 1.57312, 0.1906, -0.54349, -0.08456, -1.65869, -0.38402, 1.23589, -1.59964, 0.46145, 0.20041, 0.26937, 1.58779], "z": [1.93518, 2.37981, 1.34916, 3.35293, 0.15593, 1.34008, 0.52453, -0.79982, -0.08714, 2.48659, 2.05922, -0.14956, 0.92236, 1.79688, 0.78316, -1.48219, -0.12209, -1.65726, -2.42482, -3.41333, -2.32618, -2.22345], "cell": [100.0, 0.0, 0.0, 0.0, 100.0, 0.0, 0.0, 0.0, 100.0]}, {"size": 22, "names": ["C", "C", "C", "H", "C", "H", "C", "H", "H", "H", "H", "C", "C", "H", "H", "C", "H", "O", "C", "H", "H", "H"], "x": [-0.0162, -0.68734, 0.15277, -1.70081, 1.3662, -0.09887, 1.25695, 2.20276, 1.91136, 0.3246, -0.51676, -1.16694, -2.10591, -2.83474, -1.91419, -0.04473, -1.39028, -0.10191, 1.14969, 1.73435, 0.87398, 1.78935], "y": [2.12785, 1.20584, 0.27709, 1.23591, 0.34925, -0.38146, 1.34409, -0.31874, 1.56282, 3.01237, 2.52326, -0.66875, -0.95792, -0.26949, -1.82108, -1.59439, 0.28464, -2.71269, -1.08447, -0.554, -0.35531, -1.8216], "z": [1.1566, 2.09703, 2.50432, 2.53346, 1.65692, 3.29432, 0.78298, 1.90729, 0.01557, 1.75225, 0.24728, -1.2613, -0.35253, -0.06209, 0.25693, -1.59388, -1.82269, -1.10594, -2.33257, -1.55016, -3.11631, -2.71334], "cell": [100.0, 0.0, 0.0, 0.0, 100.0, 0.0, 0.0, 0.0, 100.0]}, {"size": 22, "names": ["C", "C", "C", "H", "C", "H", "C", "H", "H", "H", "H", "C", "C", "H", "H", "C", "H", "O", "C", "H", "H", "H"], "x": [-0.28561, -1.09393, 0.05274, -1.92565, 1.16325, -0.09923, 0.67585, 2.06857, 1.42479, 0.31437, -0.88916, -0.53105, -1.67107, -2.64563, -1.81319, 0.15578, -0.89818, -0.10629, 1.39858, 1.80786, 1.77573, 1.36131], "y": [1.81686, 0.61855, -0.3173, 0.78223, -0.04822, -1.19708, 0.90373, -0.56928, 1.39429, 2.44051, 2.51189, 0.13693, 0.00262, 0.41233, -1.06417, -1.21486, 0.58655, -2.21184, -1.36586, -1.95944, -0.42457, -2.18458], "z": [0.83904, 1.38751, 1.95426, 2.09007, 1.25435, 2.57262, 0.09315, 1.24922, -0.55419, 1.5937, 0.1731, -0.86004, 0.12959, -0.17956, 0.07275, -1.07836, -1.77494, -0.43609, -1.85117, -0.97276, -2.2212, -2.64485], "cell": [100.0, 0.0, 0.0, 0.0, 100.0, 0.0, 0.0, 0.0, 100.0]}, {"size": 22, "names": ["C", "C", "C", "H", "C", "H", "C", "H", "H", "H", "H", "C", "C", "H", "H", "C", "H", "O", "C", "H", "H", "H"], "x": [0.06009, -0.68745, -0.11588, -1.59979, 1.1151, -0.50992, 1.28737, 1.72918, 1.99765, 0.21563, -0.60821, -0.91911, -2.06297, -2.81398, -2.37684, 0.07142, -0.617, 0.14165, 0.92767, 1.63805, 0.32055, 1.5421], "y": [1.9394, 1.1612, -0.05644, 1.50257, -0.08781, -0.90065, 1.08442, -0.97866, 1.34252, 2.98774, 1.95946, -0.30198, -0.34529, 0.44595, -1.17118, -1.43559, 0.56402, -2.3262, -1.37652, -0.56802, -1.05574, -2.27719], "z": [1.10225, 2.08264, 2.22434, 2.66545, 1.39268, 2.76739, 0.85343, 1.35337, 0.15239, 1.39221, 0.1825, -1.20611, -0.62065, -0.76637, -0.05654, -1.29119, -1.77503, -0.44998, -2.51076, -2.30894, -3.3788, -2.64454], "cell": [100.0, 0.0, 0.0, 0.0, 100.0, 0.0, 0.0, 0.0, 100.0]}, {"size": 22, "names": ["C", "C", "C", "H", "C", "H", "C", "H", "H", "H", "H", "C", "C", "H", "H", "C", "H", "O", "C", "H", "H", "H"], "x": [0.74328, -0.51616, -0.91242, -0.92536, 0.13215, -1.79984, 1.02525, 0.23532, 1.89039, 1.58917, 0.65492, -0.25342, -1.42197, -1.86048, -1.93739, 0.09066, 0.52061, -0.6573, 1.47962, 1.98035, 1.71977, 1.65473], "y": [1.8911, 1.92788, 0.67396, 2.85193, -0.27099, 0.3376, 0.43396, -1.32261, 0.01167, 2.36282, 2.41909, -0.21995, 0.17668, 1.18336, -0.577, -1.65937, 0.45572, -2.57394, -2.03102, -1.63293, -1.42174, -3.08094], "z": [1.36103, 2.13917, 2.53421, 2.35136, 1.94986, 3.04183, 1.26375, 2.1845, 0.69621, 1.93945, 0.4074, -1.62697, -1.08955, -1.24368, -0.44391, -1.63717, -1.9685, -1.22713, -2.07576, -1.18036, -2.9528, -2.29308], "cell": [100.0, 0.0, 0.0, 0.0, 100.0, 0.0, 0.0, 0.0, 100.0]}, {"size": 22, "names": ["C", "C", "C", "H", "C", "H", "C", "H", "H", "H", "H", "C", "C", "H", "H", "C", "H", "O", "C", "H", "H", "H"], "x": [-0.12122, -0.90615, 0.02709, -1.72308, 1.15098, -0.07981, 0.97886, 2.03038, 1.69857, 0.27467, -0.72601, -0.65436, -1.73692, -2.36913, -2.06668, 0.06286, -0.61539, -0.07769, 1.05821, 1.65845, 0.5862, 1.71521], "y": [1.80949, 0.73556, -0.25343, 0.99826, -0.08146, -1.05681, 0.9839, -0.7049, 1.15966, 2.54692, 2.32082, -0.05227, -0.02608, 0.8612, -0.92489, -1.27032, 0.63774, -2.25378, -1.38682, -0.46976, -1.28051, -2.25052], "z": [0.92667, 1.72702, 2.06569, 2.38981, 1.23455, 2.78651, 0.37161, 1.22403, -0.40486, 1.64171, 0.18231, -0.90724, -0.06845, -0.02624, 0.46425, -1.15483, -1.72737, -0.41567, -2.32747, -2.20968, -3.30014, -2.18811], "cell": [100.0, 0.0, 0.0, 0.0, 100.0, 0.0, 0.0, 0.0, 100.0]}, {"size": 22, "names": ["C", "C", "C", "H", "C", "H", "C", "H", "H", "H", "H", "C", "C", "H", "H", "C", "H", "O", "C", "H", "H", "H"], "x": [0.74328, -0.51616, -0.91242, -0.92536, 0.13215, -1.79984, 1.02525, 0.23532, 1.89039, 1.58917, 0.65492, -0.25342, -1.42197, -1.86048, -1.93739, 0.09066, 0.52061, -0.6573, 1.47962, 1.98035, 1.71977, 1.65473], "y": [1.8911, 1.92788, 0.67396, 2.85193, -0.27099, 0.3376, 0.43396, -1.32261, 0.01167, 2.36282, 2.41909, -0.21995, 0.17668, 1.18336, -0.577, -1.65937, 0.45572, -2.57394, -2.03102, -1.63293, -1.42174, -3.08094], "z": [1.36103, 2.13917, 2.53421, 2.35136, 1.94986, 3.04183, 1.26375, 2.1845, 0.69621, 1.93945, 0.4074, -1.62697, -1.08955, -1.24368, -0.44391, -1.63717, -1.9685, -1.22713, -2.07576, -1.18036, -2.9528, -2.29308], "cell": [100.0, 0.0, 0.0, 0.0, 100.0, 0.0, 0.0, 0.0, 100.0]}, {"size": 22, "names": ["C", "C", "C", "H", "C", "H", "C", "H", "H", "H", "H", "C", "C", "H", "H", "C", "H", "O", "C", "H", "H", "H"], "x": [-0.0162, -0.68734, 0.15277, -1.70081, 1.3662, -0.09887, 1.25695, 2.20276, 1.91136, 0.3246, -0.51676, -1.16694, -2.10591, -2.83474, -1.91419, -0.04473, -1.39028, -0.10191, 1.14969, 1.73435, 0.87398, 1.78935], "y": [2.12785, 1.20584, 0.27709, 1.23591, 0.34925, -0.38146, 1.34409, -0.31874, 1.56282, 3.01237, 2.52326, -0.66875, -0.95792, -0.26949, -1.82108, -1.59439, 0.28464, -2.71269, -1.08447, -0.554, -0.35531, -1.8216], "z": [1.1566, 2.09703, 2.50432, 2.53346, 1.65692, 3.29432, 0.78298, 1.90729, 0.01557, 1.75225, 0.24728, -1.2613, -0.35253, -0.06209, 0.25693, -1.59388, -1.82269, -1.10594, -2.33257, -1.55016, -3.11631, -2.71334], "cell": [100.0, 0.0, 0.0, 0.0, 100.0, 0.0, 0.0, 0.0, 100.0]}], "properties": {"r1 / A": {"target": "structure", "values": [3.372746049586301, 3.5629401308610285, 1.514867344324248, 3.3866420263440893, 3.783097412769066, 2.119902545731761, 3.783097412769066, 3.5629401308610285]}, "r2 / A": {"target": "structure", "values": [3.452660365819378, 3.75577532822452, 1.7184763676291857, 3.3215002577148782, 3.2278254871352634, 2.3187309373448226, 3.2278254871352634, 3.75577532822452]}}, "settings": {}}